"StationIndex","StationID","StreamName","Location","River Mile","Basin","SuperBasin","HUC8","SuperHUC","MapQuad","DEQREG","VAHU6","Order","Catchment Acreage","Catchment Area sqMile","Physiographic Province","Ecoregion Code","Ecoregion","Ecoregion Name","Type","Assemblages","County","WBSSEG","Municipality","State","LandUse","SurveyReason","IndexPeriod","Lat","Long","Class","Special Standards","Station Comments","AddDate","Sample season?","Picture"
NA,"1AXLT000.22","UT to UT to Broad Run","1.29 RM upstream from Broad Run at Rte 616",NA,"Potomac","Potomac-Shenandoah","02070008",2070008,"Arcola","NRO","PL17",1,NA,NA,NA,NA,"64","Northern Piedmont","Probmon",NA,"Loudoun",NA,NA,NA,NA,"Probmon",NA,38.97671984,-77.58351927,"III",NA,NA,NA,FALSE,NA
NA,"1AXMD001.04","UT Catoctin Creek","Off Rt. 690",NA,"Potomac","Potomac-Shenandoah","02070008",2070008,"Purcellville","NRO","PL02",1,NA,NA,NA,NA,"64","Northern Piedmont","Probabilistic site.",NA,"Loudoun",NA,NA,NA,NA,"NRSA site.",NA,39.153942,-77.737348,"III",NA,NA,2010-03-02,FALSE,NA
NA,"1BCKS001.04","Cooks Creek",NA,"B25003","Shenandoah","Potomac-Shenandoah","02070005",2070005,"MOUNT SIDNEY","VRO","PS23",4,NA,NA,NA,NA,"67","Ridge and Valley","Target Stress Site",NA,"Rockingham",NA,NA,NA,NA,"Target Stress Site",NA,38.37094,-78.931409,"IV",NA,NA,2010-06-02,FALSE,NA
NA,"1BLOM000.21","Long Meadow","pvt drive off Rt. 211",NA,"Shenandoah","Potomac-Shenandoah","02070006",2070006,"New Market","VRO","PS57",2,NA,NA,NA,NA,"67","Ridge and Valley","Probmon",NA,"Rockingham",NA,NA,NA,NA,"Probmon",NA,38.63388889,-78.74861111,"IV",NA,NA,NA,FALSE,NA
NA,"1BNKD003.81","Naked Creek",NA,NA,"Shenandoah",NA,"02070005",NA,"Elkton East","VRO","PS36",3,NA,NA,NA,NA,"67","Ridge and Valley","Probmon",NA,"Rockingham",NA,NA,NA,NA,"Probmon",NA,38.44780239,-78.56556444,"IV",NA,NA,NA,FALSE,NA
NA,"1BNTH008.14","North River","Off left side of Iron Horse Rd.",NA,"Shenandoah","Potomac-Shenandoah","02070005",2070005,"Mount Sidney","VRO","PS25",5,NA,NA,NA,NA,"67","Ridge and Valley","Probabilistic site.",NA,"Rockingham",NA,NA,NA,NA,"NRSA site.",NA,38.30594,-78.900908,"IV",NA,NA,2010-02-22,FALSE,NA
NA,"2ACWP056.96","Cowpasture River",NA,NA,"James",NA,"2080201",NA,"Green Valley","VRO","JU30",3,NA,NA,NA,NA,"67","Ridge and Valley","ACP",NA,"Bath",NA,NA,NA,NA,NA,NA,37.89059,-78.915453,"IV","NA",NA,NA,FALSE,NA
NA,"2ACWP058.66","Cowpasture River",NA,NA,"James",NA,"2080201",NA,"Green Valley","VRO","JU30",3,NA,NA,NA,NA,"67","Ridge and Valley","ACP",NA,"Bath",NA,NA,NA,NA,NA,NA,38.12295,-79.60737,"IV","NA",NA,NA,FALSE,NA
NA,"2-APP112.19","Appomattox River",NA,NA,"James","James","02080207",2080207,"Farmville","SCRO","JA05",4,NA,NA,NA,NA,"45","Piedmont","Probmon",NA,"Prince Edward",NA,NA,NA,NA,"Probmon",NA,37.3126,-78.4018,"III",NA,NA,NA,FALSE,NA
NA,"2BGLL000.63","Gills Creek",NA,NA,"James","James","02080205",2080205,"Willis Mtn","SCRO","JM65",2,NA,NA,NA,NA,"45","Piedmont","Probmon",NA,"Buckingham",NA,NA,NA,NA,"Probmon",NA,37.4034,-78.4515,"III",NA,NA,NA,FALSE,NA
NA,"2-BLD012.09","Buffalo Creek","Near Camp Tanglewood",NA,"James","James","02080202",2080202,"Glasgow","VRO","JU85",4,59785.8488576,93.41538884,NA,NA,"67","Ridge and Valley","Probabilistic Site",NA,"Rockbridge",NA,NA,NA,NA,"VCU State ProbMon Site",NA,37.73281761,-79.49132755,"IV",NA,NA,NA,FALSE,NA
NA,"2BRVN016.17","Rivanna River","Public boat ramp at Rt. 600",NA,"James","James","02080204",2080204,"Palmyra","VRO","JR19",5,NA,NA,NA,NA,"64","Northern Piedmont","Probabilistic site.",NA,"Fluvanna",NA,NA,NA,NA,"NRSA site.",NA,37.860301,-78.267417,"III",NA,NA,2010-03-02,FALSE,NA
NA,"2BSPC001.07","Spruce Creek",NA,NA,"James",NA,"2080203",NA,"Sherando","VRO","JM37",1,NA,NA,NA,NA,"66","Blue Ridge","ACP",NA,"Nelson",NA,NA,NA,NA,NA,NA,37.883848,-78.899315,"VI","ii",NA,NA,FALSE,NA
NA,"2BSPC002.12","Spruce Creek",NA,NA,"James",NA,"2080203",NA,"Sherando","VRO","JM37",1,NA,NA,NA,NA,"66","Blue Ridge","ACP",NA,"Nelson",NA,NA,NA,NA,NA,NA,37.89059,-78.915453,"VI","ii",NA,NA,FALSE,NA
NA,"2BWTN007.37","Walton Fork","Walton Fork W of pipeline nr Walton Lake",NA,"James","James","02080203",2080203,"St. Joy","SCRO","JM54",2,NA,NA,NA,NA,"45","Piedmont","Probmon",NA,"Buckingham",NA,NA,NA,NA,"Probmon",NA,37.620092293,-78.6288248171,"III",NA,NA,NA,FALSE,NA
NA,"2BXAE001.80","UT David Creek","Off Rt. 654",NA,"James","James","02080203",2080203,"Vera","SCRO","JM19",1,NA,NA,NA,NA,"45","Piedmont","Probabilistic site.",NA,"Appomattox",NA,NA,NA,NA,"NRSA site.",NA,37.491763,-78.756464,"III",NA,NA,2010-02-25,FALSE,NA
NA,"2CPSK005.65","Pocoshock Creek","Call PRO for directions",NA,"James","James","02080206",2080206,"Chesterfield","PRO","JL02",1,NA,NA,NA,NA,"45","Piedmont","Probabilistic site.",NA,"Chesterfield",NA,NA,NA,NA,"NRSA site.",NA,37.48188,-77.562253,"III",NA,NA,2010-03-02,FALSE,NA
NA,"2-JKS057.08","Jackson River","Off Rt. 603",NA,"James","James","02080201",2080201,"Mountain Grove","VRO","JU03",3,NA,NA,NA,NA,"67","Ridge and Valley","Probabilistic site.",NA,"Bath",NA,NA,NA,NA,"NRSA site.",NA,38.045652,-79.87784,"V","v",NA,2010-02-22,FALSE,NA
NA,"2-JMS282.47","James River","Off Rt. 501",NA,"James","James","02080203",2080203,"Snowden","WCRO","JM01",6,NA,NA,NA,NA,"66","Blue Ridge","Probabilistic site.",NA,"Amherst",NA,NA,NA,NA,"NRSA site. (Rep 2)",NA,37.593282,-79.383205,"III",NA,NA,2010-02-22,FALSE,NA
NA,"2-MLC000.84","Marl Creek",NA,NA,"James","James","02080202",2080202,"Vesuvius","VRO","JU78",1,NA,NA,NA,NA,"67","Ridge and Valley","Probmon",NA,"Rockbridge",NA,NA,NA,NA,"Probmon",NA,37.9217,-79.2008,"IV",NA,NA,NA,FALSE,NA
NA,"2-MRY010.96","Maury River","~ 0.5 miles upstream of Rt. 60",NA,"James","James","02080202",2080202,"Glasgow","VRO","JU81",5,NA,NA,NA,NA,"67","Ridge and Valley","Probabilistic Site.",NA,"Rockbridge",NA,NA,NA,NA,"State Probmon. Site.",NA,37.74993566,-79.37931759,"IV",NA,NA,2010-03-18,FALSE,NA
NA,"2-RCE001.21","Rice Creek",NA,"J04001","James","James","02080207",2080207,"HAMPDEN SYDNEY","SCRO","JA11",2,NA,NA,NA,NA,"45","Piedmont","Probabilistic Site.",NA,"Prince Edward",NA,NA,NA,NA,"VCU State ProbMon Site",NA,37.190766,-78.402599,"III",NA,NA,2010-06-02,FALSE,NA
NA,"2-WLN006.90","Wilson Creek","Off Rte. 629 - Douthat State Park",NA,"James","James","02080201",2080201,"Healing Springs","VRO","JU23",3,11600.6508672,18.12601698,NA,NA,"67","Ridge and Valley","Probmon_Hitt",NA,"Bath",NA,NA,NA,NA,"Than Probmon Phase I",NA,37.897411,-79.80374,"IV",NA,NA,NA,FALSE,NA
NA,"2-WLS029.32","Willis River","Off Willis River Rd.",NA,"James","James","02080205",2080205,"Gold Hill","SCRO","JM66",4,NA,NA,NA,NA,"45","Piedmont","Probabilistic site.",NA,"Cumberland",NA,NA,NA,NA,"NRSA site.",NA,37.523699,-78.31031,"III",NA,NA,2010-03-01,FALSE,NA
NA,"3-RPP118.92","Rappahannock River","Off Rt. 618",NA,"Rappahannock","Rappahannock-York","02080104",2080104,"Salem Church","NRO","RA45",6,NA,NA,NA,NA,"45","Piedmont","Probabilistic site.",NA,"Spotsylvania",NA,NA,NA,NA,"NRSA site.",NA,38.348164,-77.570999,"III",NA,NA,2010-02-25,FALSE,NA
NA,"3-SUM004.51","Sumerduck Run","Off Racoon Ford Rd.",NA,"Rappahannock","Rappahannock-York","02080103",2080103,"Culpeper East","NRO","RA39",2,NA,NA,NA,NA,"64","Northern Piedmont","Probabilistic site.",NA,"Culpeper",NA,NA,NA,NA,"NRSA site.",NA,38.395327,-77.955415,"III",NA,NA,2010-02-23,FALSE,NA
NA,"3-TRY004.38","Troy Creek","Off Rt. 657",NA,"Rappahannock","Rappahannock-York","02080104",2080104,"Rollins Fork","PRO","RA54",1,NA,NA,NA,NA,"65","Southeastern Plains","Probabilistic site.",NA,"Westmoreland",NA,NA,NA,NA,"NRSA site.",NA,38.162369,-77.024018,"III",NA,NA,2010-02-25,FALSE,NA
NA,"4ABAN007.90","Banister River","Off Rt. 614",NA,"Roanoke","Roanoke","03010105",3010105,"Scottsburg","SCRO","RD67",5,NA,NA,NA,NA,"45","Piedmont","Probabilistic site.",NA,"Halifax",NA,NA,NA,NA,"NRSA site.",NA,36.762029,-78.871418,"III",NA,NA,2010-02-23,FALSE,NA
NA,"4ABAN027.91","Banister River","Off Rt. 667",NA,"Roanoke","Roanoke","03010105",3010105,"Republican Grove","SCRO","RD62",5,NA,NA,NA,NA,"45","Piedmont","Probabilistic site.",NA,"Halifax",NA,NA,NA,NA,"NRSA site.",NA,36.876452,-79.067754,"III",NA,NA,2010-02-23,FALSE,NA
NA,"4ABHE003.92","Beechtree Creek","Off Rt. 640",NA,"Roanoke","Roanoke","03010102",3010102,"Altavista","SCRO","RU60",1,NA,NA,NA,NA,"45","Piedmont","Probabilistic site.",NA,"Pittsylvania",NA,NA,NA,NA,"NRSA site.",NA,37.045394,-79.253194,"III",NA,NA,2010-03-02,FALSE,NA
NA,"4ABLD001.46","Bold Branch","Off Rt. 715.",NA,"Roanoke","Roanoke","03010101",3010101,"Huddleston","WCRO","RU55",1,NA,NA,NA,NA,"45","Piedmont","Probabilistic site.",NA,"Bedford",NA,NA,NA,NA,"NRSA site.",NA,37.239581,-79.449114,"III",NA,NA,2010-02-22,FALSE,NA
NA,"4ALOL002.08","Little Coleman Creek","Off Rt. 658",NA,"Roanoke","Roanoke","03010104",3010104,"Cluster Springs","SCRO","RD72",1,NA,NA,NA,NA,"45","Piedmont","Probabilistic site.",NA,"Halifax",NA,NA,NA,NA,"NRSA site.",NA,36.595684,-78.954966,"III",NA,NA,2010-03-01,FALSE,NA
NA,"4AROA134.97","Roanoke River","Put in at confluence of Goose Creek",NA,"Roanoke","Roanoke","03010101",3010101,"Altavista","SCRO","RU46",6,NA,NA,NA,NA,"45","Piedmont","Probabilistic site.",NA,"Pittsylvania",NA,NA,NA,NA,"NRSA site",NA,37.122192,-79.35359,"III",NA,NA,2010-03-01,FALSE,NA
NA,"4AROC010.68","Roanoke Creek","UPSTR OF 604 DWN OF DAM","L39001","Roanoke","Roanoke","03010102",3010102,"EUREKA","SCRO","RU81",3,4920.57792896,7.688403014,NA,NA,"45","Piedmont","Probabilistic Site.",NA,"Charlotte",NA,NA,NA,NA,"VCU State ProbMon Site",NA,37.108718,-78.563992,"III",NA,NA,2010-06-02,FALSE,NA
NA,"4ASRE011.02","Smith River","Off Rt. 636",NA,"Roanoke","Roanoke","03010103",3010103,"Northwest Eden","WCRO","RD30",6,NA,NA,NA,NA,"45","Piedmont","Probabilistic site.",NA,"Henry",NA,NA,NA,NA,"NRSA site.",NA,36.573941,-79.759459,"IV",NA,NA,2010-02-25,FALSE,NA
NA,"4ASSP004.03","South Prong Sandy River","upstream of Rt 641",NA,"Roanoke","Roanoke","03010103",3010103,"Whitmell","WCRO","RD34",4,NA,NA,NA,NA,"45","Piedmont","Probabilistic Site.",NA,"Pittsylvania",NA,NA,NA,NA,"State Probmon. Site.",NA,36.66458252,-79.62398265,"III",NA,NA,2010-03-18,FALSE,NA
NA,"5AMHN096.51","Meherrin River","Off Dixie Dr.",NA,"Chowan","Chowan","03010204",3010204,"Forksville","PRO","CM11",5,NA,NA,NA,NA,"45","Piedmont","Probabilistic site.",NA,"Mecklenburg",NA,NA,NA,NA,"NRSA site.",NA,36.784282,-78.046882,"III",NA,NA,2010-03-03,FALSE,NA
NA,"5ANTW052.66","Nottoway River","Off Rt. 40",NA,"Chowan","Chowan","03010201",3010201,"Littleton","PRO","CU32",6,NA,NA,NA,NA,"65","Southeastern Plains","Probabilistic site.",NA,"Sussex",NA,NA,NA,NA,"NRSA site.",NA,36.930477,-77.202926,"III",NA,NA,2010-02-25,FALSE,NA
NA,"6BSWD000.11","Swords Creek","Off Rt 633 in Russell County",NA,"Clinch-Powell","Tennessee","06010205",6010205,"Honaker","SWRO","TC05",3,NA,NA,NA,NA,"67","Ridge and Valley","Targeted Stress",NA,"Russell",NA,NA,NA,NA,"Targeted Stress",NA,37.03583,-81.91778,"IV",NA,NA,NA,FALSE,NA
NA,"6CNFH099.23","NF Holston River",NA,NA,"Holston",NA,"6010101",NA,"Chatham Hill","SWRO","TH26",4,NA,NA,NA,NA,"67","Ridge and Valley","Probmon",NA,"Smyth",NA,NA,NA,NA,"NRSA Ref",NA,36.91532,-81.615843,"IV ","NA",NA,NA,FALSE,NA
NA,"6CSFH074.59","SF Holston River",NA,NA,"Holston",NA,"6010102",NA,"Damascus","SWRO","TH07",5,NA,NA,NA,NA,"67","Ridge and Valley","Probmon",NA,"Washington",NA,NA,NA,NA,"NRSA Ref",NA,36.646169,-81.871981,"IV ","NA",NA,NA,FALSE,NA
NA,"9-BSH012.62","Brush Creek","Off Rt. 627",NA,"New","New","05050001",5050001,"Pilot","WCRO","NE52",2,NA,NA,NA,NA,"66","Blue Ridge","Probabilistic site.",NA,"Floyd",NA,NA,NA,NA,"NRSA site.",NA,37.05595,-80.299433,"IV",NA,NA,2010-02-25,FALSE,NA
NA,"9-LFK005.39","Laurel Fork","Off Rte. 613 near Camp Laurel",NA,"New","New","05050002",5050002,"Bastian","SWRO","NE80",2,4531.3895264,7.080296135,NA,NA,"67","Ridge and Valley","Probmon_Hitt",NA,"Bland",NA,NA,NA,NA,"Than Probmon Phase I",NA,37.243087,-81.171301,"VI","ii",NA,NA,FALSE,NA
NA,"9-WLK000.55","Walker Creek","Off Rt. 636",NA,"New","New","05050002",5050002,"Pearisburg","WCRO","NE73",5,NA,NA,NA,NA,"67","Ridge and Valley","Probabilistic site.",NA,"Giles",NA,NA,NA,NA,"NRSA site.",NA,37.31028,-80.681182,"IV",NA,NA,2010-02-19,FALSE,NA
NA,"9-WLK033.64","Walker Creek","Off Rt. 670.",NA,"New","New","05050002",5050002,"White Gate","WCRO","NE71",5,NA,NA,NA,NA,"67","Ridge and Valley","Probabilistic site.",NA,"Giles",NA,NA,NA,NA,"NRSA site.",NA,37.159408,-80.85783,"IV",NA,NA,2010-02-22,FALSE,NA
NA,"9-WLK054.42","Walker Creek","Off Rt. 604",NA,"New","New","05050002",5050002,"Bland","SWRO","NE67",4,NA,NA,NA,NA,"67","Ridge and Valley","Probabilistic site.",NA,"Bland",NA,NA,NA,NA,"NRSA site.",NA,37.102052,-81.042677,"IV",NA,NA,2010-02-22,FALSE,NA
NA,"MAIA97-052","Hogue Creek","Rte 679 Hollow Rd",NA,"Potomac","Potomac-Shenandoah","02070004",2070004,"Hayfield","VRO","PU12",3,NA,NA,NA,NA,"67","Ridge and Valley","EMAP",NA,"Frederick",NA,NA,NA,NA,"EMAP",NA,39.231774,-78.264888,"V","***",NA,NA,FALSE,NA
NA,"MAIA97-130","Stillhouse Creek","Rte 635 at Batesville",NA,"James","James","02080204",2080204,"Covesville","VRO","JR01",2,NA,NA,NA,NA,"64","Northern Piedmont","EMAP",NA,"Albemarle",NA,NA,NA,NA,"EMAP",NA,37.994163,-78.723187,"III",NA,NA,NA,FALSE,NA
NA,"MAIA97-131","Nettle Creek","Trail off Nettle Creek Rd",NA,"James","James","02080202",2080202,"Montebello","VRO","JU79",2,NA,NA,NA,NA,"66","Blue Ridge","EMAP",NA,"Rockbridge",NA,NA,NA,NA,"EMAP",NA,37.810494,-79.206539,"V","iii",NA,NA,FALSE,NA
NA,"MAIA97-136","Peters Creek","Trail off Rte 875",NA,"James","James","02080203",2080203,"Snowden","WCRO","JM01",1,NA,NA,NA,NA,"66","Blue Ridge","EMAP",NA,"Bedford",NA,NA,NA,NA,"EMAP",NA,37.57869,-79.424669,"VI","ii",NA,NA,FALSE,NA
NA,"MAIA97-141","UT Cub Run","Off Power Dam Rd near Montevideo",NA,"Potomac","Potomac-Shenandoah","02070005",2070005,"Grottoes","VRO","PS33",1,NA,NA,NA,NA,"67","Ridge and Valley","EMAP",NA,"Rockingham",NA,NA,NA,NA,"EMAP",NA,38.359495,-78.757741,"IV",NA,NA,NA,FALSE,NA
NA,"MAIA97-154","Stock Creek","FR239",NA,"Clinch-Powell","Tennessee","06010205",6010205,"Big Stone Gap","SWRO","TC26",1,NA,NA,NA,NA,"69","Central Appalachian","EMAP",NA,"Scott",NA,NA,NA,NA,"EMAP",NA,36.798386,-82.752625,"IV",NA,NA,NA,FALSE,NA
NA,"MAIA97-156","Bearpen Branch","Rte 620",NA,"Big Sandy","Tennessee","05070202",5070202,"Clintwood","SWRO","BS30",2,NA,NA,NA,NA,"69","Central Appalachian","EMAP",NA,"Dickenson",NA,NA,NA,NA,"EMAP",NA,37.194154,-82.47686,"IV",NA,NA,NA,FALSE,NA
NA,"MAIA97-158","Short Creek","Off Rte 629 near Dewey",NA,"Big Sandy","Tennessee","05070202",5070202,"Flat Gap","SWRO","BS28",1,NA,NA,NA,NA,"69","Central Appalachian","EMAP",NA,"Wise",NA,NA,NA,NA,"EMAP",NA,37.071889,-82.647304,"IV",NA,NA,NA,FALSE,NA
NA,"MAIA97-159","Indian Creek",NA,NA,"Clinch-Powell","Tennessee","06010206",6010206,"Wheeler","SWRO","TP18",3,NA,NA,NA,NA,"67","Ridge and Valley","EMAP",NA,"Lee",NA,NA,NA,NA,"EMAP",NA,36.608223,-83.555659,"IV",NA,NA,NA,FALSE,NA
NA,"MAIA97-172","Swanson Branch","Roaring Run Rd North of Strom",NA,"James","James","02080201",2080201,"Strom","WCRO","JU50",1,NA,NA,NA,NA,"67","Ridge and Valley","EMAP",NA,"Botetourt",NA,NA,NA,NA,"EMAP",NA,37.714033,-79.894261,"IV",NA,NA,NA,FALSE,NA
NA,"MAIA97-178","Jennings Creek","Jennings Creek Rd",NA,"James","James","02080201",2080201,"Arnold Valley","WCRO","JU57",3,NA,NA,NA,NA,"66","Blue Ridge","EMAP",NA,"Botetourt",NA,NA,NA,NA,"EMAP",NA,37.542762,-79.616376,"V","vi",NA,NA,FALSE,NA
NA,"MAIA97-182","Spring Branch","Roanoke Rd",NA,"Roanoke","Roanoke","03010101",3010101,"Ironto","WCRO","RU05",1,NA,NA,NA,NA,"67","Ridge and Valley","EMAP",NA,"Montgomery",NA,NA,NA,NA,"EMAP",NA,37.165802,-80.290119,"V","iii",NA,NA,FALSE,NA
NA,"MAIA97-186","Guess Fork","Near Rte 646",NA,"Big Sandy","Tennessee","05070201",5070202,"Panther","SWRO","BS05",2,NA,NA,NA,NA,"69","Central Appalachian","EMAP",NA,"Buchanan",NA,NA,NA,NA,"EMAP",NA,37.428403,-81.995992,"IV",NA,NA,NA,FALSE,NA
NA,"MAIA97-189","UT New River","Near RR West of New River",NA,"New","New","05050001",5050001,"Radford North","WCRO","NE57",2,NA,NA,NA,NA,"67","Ridge and Valley","EMAP",NA,"Pulaski",NA,NA,NA,NA,"EMAP",NA,37.136284,-80.604763,"IV",NA,NA,NA,FALSE,NA
NA,"MAIA97-190","Little Snake Creek","Rte 871",NA,"New","New","05050001",5050001,"Fancy Gap","SWRO","NE37",2,NA,NA,NA,NA,"66","Blue Ridge","EMAP",NA,"Carroll",NA,NA,NA,NA,"EMAP",NA,36.719198,-80.665832,"VI","iii",NA,NA,FALSE,NA
NA,"MAIA97-191","UT Shorts Creek","Rte 52",NA,"New","New","05050001",5050001,"Sylvatus","SWRO","NE25",1,NA,NA,NA,NA,"66","Blue Ridge","EMAP",NA,"Carroll",NA,NA,NA,NA,"EMAP",NA,36.834379,-80.82051,"IV",NA,NA,NA,FALSE,NA
NA,"MAIA97-192","UT Plum Creek","Bus 460/Bus 19/Rte 16 Outside of Tazewell",NA,"Clinch-Powell","Tennessee","06010205",6010205,"Tazewell South","SWRO","TC01",1,NA,NA,NA,NA,"67","Ridge and Valley","EMAP",NA,"Tazewell",NA,NA,NA,NA,"EMAP",NA,37.108605,-81.545998,"IV",NA,NA,NA,FALSE,NA
NA,"MAIA98-013","Big Run","Off Mt Zion Rd",NA,"New","New","05050001",5050001,"Radford North","WCRO","NE60",1,NA,NA,NA,NA,"67","Ridge and Valley","EMAP",NA,"Montgomery",NA,NA,NA,NA,"EMAP",NA,37.218098,-80.527703,"IV",NA,NA,NA,FALSE,NA
NA,"MAIA98-086","Hardy Creek","Rte 660",NA,"Clinch-Powell","Tennessee","06010206",6010206,"Rose Hill","SWRO","TP12",2,NA,NA,NA,NA,"67","Ridge and Valley","EMAP",NA,"Lee",NA,NA,NA,NA,"EMAP",NA,36.663574,-83.25679,"V","vi",NA,NA,FALSE,NA
NA,"MAIA98-096","Mill Creek","Rte 263 at Mount Clifton",NA,"Potomac","Potomac-Shenandoah","02070006",2070006,"Conicville","VRO","PS63",2,NA,NA,NA,NA,"67","Ridge and Valley","EMAP",NA,"Shenandoah",NA,NA,NA,NA,"EMAP",NA,38.761691,-78.717273,"IV",NA,NA,NA,FALSE,NA
NA,"MAIA98-123","Coal Creek","Rte 815",NA,"New","New","05050001",5050001,"Lambsburg","SWRO","NE17",2,NA,NA,NA,NA,"66","Blue Ridge","EMAP",NA,"Carroll",NA,NA,NA,NA,"EMAP",NA,36.625027,-80.869029,"VI","***",NA,NA,FALSE,NA
NA,"MAIA98-154","Moore Creek","Rte 637",NA,"New","New","05050001",5050001,"Brierpatch Mtn.","SWRO","NE12",1,NA,NA,NA,NA,"66","Blue Ridge","EMAP",NA,"Grayson",NA,NA,NA,NA,"EMAP",NA,36.655833,-81.027693,"IV",NA,NA,NA,FALSE,NA
NA,"VA022S","David Run","DS of Davis Run Rd",NA,"James","James","02080201",2080201,"Buchanan","WCRO","JU54",1,NA,NA,NA,NA,"67","Ridge and Valley","EMAP",NA,"Botetourt",NA,NA,NA,NA,"EMAP",NA,37.5288,-79.73998,"IV",NA,NA,NA,FALSE,NA
NA,"VA507S","Rocky Branch","Breckinridge Mill Rd",NA,"James","James","02080201",2080201,"Daleville","WCRO","JU52",1,NA,NA,NA,NA,"67","Ridge and Valley","EMAP",NA,"Botetourt",NA,NA,NA,NA,"EMAP",NA,37.497256,-79.97843,"IV",NA,NA,NA,FALSE,NA
NA,"VA509S","Hunting Creek","Near Rte 122",NA,"James","James","02080203",2080203,"Snowden","WCRO","JM01",2,NA,NA,NA,NA,"45","Piedmont","EMAP",NA,"Bedford",NA,NA,NA,NA,"EMAP",NA,37.5402472,-79.39001389,"III",NA,NA,NA,FALSE,NA
NA,"VA515S","Dan River","US of Rte 103",NA,"Roanoke","Roanoke","03010103",3010103,"Claudville","WCRO","RD02",3,NA,NA,NA,NA,"66","Blue Ridge","EMAP",NA,"Patrick",NA,NA,NA,NA,"EMAP",NA,36.58552778,-80.44365556,"V","vi",NA,NA,FALSE,NA
NA,"VA522S","Bush Creek","Stonewall Rd",NA,"New","New","05050001",5050001,"Pilot","WCRO","NE52",1,NA,NA,NA,NA,"66","Blue Ridge","EMAP",NA,"Floyd",NA,NA,NA,NA,"EMAP",NA,37.033375,-80.26998611,"IV",NA,NA,NA,FALSE,NA
NA,"VA523S","McGavok Creek","Near Rte. 618",NA,"New","New","05050001",5050001,"Fosters Falls","SWRO","NE31",1,NA,NA,NA,NA,"67","Ridge and Valley","EMAP",NA,"Wythe",NA,NA,NA,NA,"EMAP",NA,36.95969722,-80.84440833,"IV",NA,NA,NA,FALSE,NA
NA,"VA525S","Dismal Creek","Between Pilgrims Knob and Whitewood",NA,"Big Sandy","Tennessee","05070202",5070202,"Jewell Ridge","SWRO","BS10",3,NA,NA,NA,NA,"69","Central Appalachian","EMAP",NA,"Buchanan",NA,NA,NA,NA,"EMAP",NA,37.24123333,-81.87161389,"V","vi",NA,NA,FALSE,NA
NA,"VA526S","Bearpen Branch","Rte 620",NA,"Big Sandy","Tennessee","05070202",5070202,"Clintwood","SWRO","BS30",2,NA,NA,NA,NA,"69","Central Appalachian","EMAP",NA,"Dickenson",NA,NA,NA,NA,"EMAP",NA,37.20130556,-82.48648889,"IV",NA,NA,NA,FALSE,NA
NA,"VA527S","UT Brumley Creek","Rte 689",NA,"Holston","Tennessee","06010101",6010101,"Brumley","SWRO","TH34",2,NA,NA,NA,NA,"67","Ridge and Valley","EMAP",NA,"Washington",NA,NA,NA,NA,"EMAP",NA,36.79876389,-82.03284167,"VI",NA,NA,NA,FALSE,NA
NA,"VA528S","UT Bear Creek","Off Bear Creek Rd",NA,"Holston","Tennessee","06010102",6010102,"Nebo","SWRO","TH09",1,NA,NA,NA,NA,"67","Ridge and Valley","EMAP",NA,"Smyth",NA,NA,NA,NA,"EMAP",NA,36.90036667,-81.44666667,"IV",NA,NA,NA,FALSE,NA
NA,"VA529S","Hardy Creek","Rte 661",NA,"Clinch-Powell","Tennessee","06010206",6010206,"Hubbard Springs","SWRO","TP12",3,NA,NA,NA,NA,"67","Ridge and Valley","EMAP",NA,"Lee",NA,NA,NA,NA,"EMAP",NA,36.64307778,-83.24443889,"IV",NA,NA,NA,FALSE,NA
NA,"VA530S","Dry Run","Rte 638",NA,"Shenandoah","Potomac-Shenandoah","02070007",2070005,"Linden","VRO","PS81",1,NA,NA,NA,NA,"66","Blue Ridge","EMAP",NA,"Warren",NA,NA,NA,NA,"EMAP",NA,38.97795278,-78.06521944,"IV",NA,NA,NA,FALSE,NA
NA,"VA531S","Ragged Run","Off Rte 643",NA,"Rappahannock","Rappahannock-York","02080103",2080103,"Old Rag Mtn","VRO","RA08",1,NA,NA,NA,NA,"66","Blue Ridge","EMAP",NA,"Madison",NA,NA,NA,NA,"EMAP",NA,38.53744167,-78.30581944,"III",NA,NA,NA,FALSE,NA
NA,"VA535S","UT Christians Creek","Rte 613",NA,"Shenandoah","Potomac-Shenandoah","02070005",2070005,"Greenville","VRO","PS08",2,NA,NA,NA,NA,"67","Ridge and Valley","EMAP",NA,"Augusta",NA,NA,NA,NA,"EMAP",NA,38.02889444,-79.16039444,"IV",NA,NA,NA,FALSE,NA
NA,"VA536S","Slate Run","Off Rte 672",NA,"Potomac","Potomac-Shenandoah","02070004",2070004,"Stephenson","VRO","PU19",1,NA,NA,NA,NA,"67","Ridge and Valley","EMAP",NA,"Frederick",NA,NA,NA,NA,"EMAP",NA,39.24413611,-78.047175,"IV",NA,NA,NA,FALSE,NA
NA,"VA537S","Redbud Run","Off Welltown Rd",NA,"Potomac","Potomac-Shenandoah","02070004",2070004,"Winchester","VRO","PU18",1,NA,NA,NA,NA,"67","Ridge and Valley","EMAP",NA,"Frederick",NA,NA,NA,NA,"EMAP",NA,39.21733056,-78.15602222,"IV",NA,NA,NA,FALSE,NA
NA,"VA541S","Moffet Creek","Rte 837",NA,"Shenandoah","Potomac-Shenandoah","02070005",2070005,"Stokesville","VRO","PS05",3,NA,NA,NA,NA,"67","Ridge and Valley","EMAP",NA,"Augusta",NA,NA,NA,NA,"EMAP",NA,38.2925556,-79.12965833,"IV",NA,NA,NA,FALSE,NA
NA,"VA542S","Christians Creek","Off Rte 642",NA,"Shenandoah","Potomac-Shenandoah","02070005",2070005,"Fort Defiance","VRO","PS09",3,NA,NA,NA,NA,"67","Ridge and Valley","EMAP",NA,"Augusta",NA,NA,NA,NA,"EMAP",NA,38.18481667,-78.95917222,"IV",NA,NA,NA,FALSE,NA
NA,"VA543S","Porterfiled Run","Rte 865",NA,"Shenandoah","Potomac-Shenandoah","02070005",2070005,"Crimora","VRO","PS30",2,NA,NA,NA,NA,"67","Ridge and Valley","EMAP",NA,"Augusta",NA,NA,NA,NA,"EMAP",NA,38.13456111,-78.86486389,"IV",NA,NA,NA,FALSE,NA
NA,"VA544S","UT Flint Run","Off Thompson Hol Rd",NA,"Shenandoah","Potomac-Shenandoah","02070005",2070005,"Bentonville","VRO","PS45",1,NA,NA,NA,NA,"67","Ridge and Valley","EMAP",NA,"Warren",NA,NA,NA,NA,"EMAP",NA,38.82909444,-78.29517778,"IV",NA,NA,NA,FALSE,NA
NA,"VA546S","Mill Run","Veach Gap Rd",NA,"Shenandoah","Potomac-Shenandoah","02070006",2070006,"Toms Brook","VRO","PS77",1,NA,NA,NA,NA,"67","Ridge and Valley","EMAP",NA,"Shenandoah",NA,NA,NA,NA,"EMAP",NA,38.87670556,-78.37683611,"IV",NA,NA,NA,FALSE,NA
NA,"VA547S","UT Passage Creek","Off Frenchman Pond Rd",NA,"Shenandoah","Potomac-Shenandoah","02070006",2070006,"Rileyville","VRO","PS77",1,NA,NA,NA,NA,"67","Ridge and Valley","EMAP",NA,"Shenandoah",NA,NA,NA,NA,"EMAP",NA,38.87123611,-78.39637778,"IV",NA,NA,NA,FALSE,NA
NA,"VA554S","Mill Creek","Rte 629",NA,"James","James","02080202",2080202,"Deerfield","VRO","JU66",1,NA,NA,NA,NA,"67","Ridge and Valley","EMAP",NA,"Bath",NA,NA,NA,NA,"EMAP",NA,38.1589111,-79.47296944,"V","vi",NA,NA,FALSE,NA
NA,"VA555S","Little Mill Creek","FR 61",NA,"James","James","02080202",2080202,"Craigsville","VRO","JU66",1,NA,NA,NA,NA,"67","Ridge and Valley","EMAP",NA,"Bath",NA,NA,NA,NA,"EMAP",NA,38.08011111,-79.49946389,"VI","ii",NA,NA,FALSE,NA
NA,"VA556S","Whistle Creek","Near Rte 60",NA,"James","James","02080202",2080202,"Lexington","VRO","JU76",1,NA,NA,NA,NA,"67","Ridge and Valley","EMAP",NA,"Rockbridge",NA,NA,NA,NA,"EMAP",NA,37.81872222,-79.49139444,"IV",NA,NA,NA,FALSE,NA
NA,"VA558S","North Fork Roanoke River","Catawba Rd near Bennetts Mill",NA,"Roanoke","Roanoke","03010101",3010101,"Mcdonalds Mill","WCRO","RU06",3,NA,NA,NA,NA,"67","Ridge and Valley","EMAP",NA,"Montgomery",NA,NA,NA,NA,"EMAP",NA,37.26404444,-80.32911389,"IV",NA,NA,NA,FALSE,NA
NA,"VA560S","Back Creek","Off Rte 221",NA,"Roanoke","Roanoke","03010101",3010101,"Bent Mtn.","WCRO","RU15",3,NA,NA,NA,NA,"66","Blue Ridge","EMAP",NA,"Roanoke",NA,NA,NA,NA,"EMAP",NA,37.20230833,-80.02563056,"III",NA,NA,NA,FALSE,NA
NA,"VA561S","UT North Fork Goose Creek","Off Rte 617",NA,"Roanoke","Roanoke","03010101",3010101,"Montvale","WCRO","RU39",1,NA,NA,NA,NA,"67","Ridge and Valley","EMAP",NA,"Bedford",NA,NA,NA,NA,"EMAP",NA,37.44358611,-79.69870556,"III",NA,NA,NA,FALSE,NA
NA,"VA563S","Connellys Run","Near Rte 177",NA,"New","New","05050001",5050001,"Radford South","WCRO","NE57",1,NA,NA,NA,NA,"67","Ridge and Valley","EMAP",NA,"Montgomery",NA,NA,NA,NA,"EMAP",NA,37.11020278,-80.52366944,"IV",NA,NA,NA,FALSE,NA
NA,"VA565S","Thorn Creek","Rte 651",NA,"New","New","05050001",5050001,"Speedwell","SWRO","NE23",1,NA,NA,NA,NA,"67","Ridge and Valley","EMAP",NA,"Wythe",NA,NA,NA,NA,"EMAP",NA,36.85090278,-81.14288611,"IV",NA,NA,NA,FALSE,NA
NA,"VA568S","Ding Branch","US of Rte 608",NA,"New","New","05050002",5050002,"Mechanicsburg","SWRO","NE69",1,NA,NA,NA,NA,"67","Ridge and Valley","EMAP",NA,"Bland",NA,NA,NA,NA,"EMAP",NA,37.21019722,-80.95126389,"VI","iii",NA,NA,FALSE,NA
NA,"VA569S","Cove Creek","Rte 58",NA,"Holston","Tennessee","06010101",6010101,"Mendota","SWRO","TH40",1,NA,NA,NA,NA,"67","Ridge and Valley","EMAP",NA,"Washington",NA,NA,NA,NA,"EMAP",NA,36.62790278,-82.28185,"IV",NA,NA,NA,FALSE,NA
NA,"VA570S","Back Fork Mill Creek","North of Rte 604 near County Line",NA,"Holston","Tennessee","06010102",6010102,"Konnarock","SWRO","TH03",1,NA,NA,NA,NA,"67","Ridge and Valley","EMAP",NA,"Smyth",NA,NA,NA,NA,"EMAP",NA,36.71359167,-81.65756944,"VI","ii",NA,NA,FALSE,NA
NA,"VA571S","Little River","East of Rte 609",NA,"Clinch-Powell","Tennessee","06010205",6010205,"Richlands","SWRO","TC07",3,NA,NA,NA,NA,"67","Ridge and Valley","EMAP",NA,"Tazewell",NA,NA,NA,NA,"EMAP",NA,37.02833056,-81.77641111,"IV",NA,NA,NA,FALSE,NA
NA,"VA572S","Little River","Near Rte 610",NA,"Clinch-Powell","Tennessee","06010205",6010205,"Pounding Mill","SWRO","TC07",3,NA,NA,NA,NA,"67","Ridge and Valley","EMAP",NA,"Tazewell",NA,NA,NA,NA,"EMAP",NA,37.02330833,-81.740675,"IV",NA,NA,NA,FALSE,NA
NA,"VA573S","Plum Creek","South of Rte 19",NA,"Clinch-Powell","Tennessee","06010205",6010205,"Tazewell South","SWRO","TC01",3,NA,NA,NA,NA,"67","Ridge and Valley","EMAP",NA,"Tazewell",NA,NA,NA,NA,"EMAP",NA,37.12005278,-81.56265556,"IV",NA,NA,NA,FALSE,NA
NA,"VA574S","Indian Creek","Near Rte 19",NA,"Clinch-Powell","Tennessee","06010205",6010205,"Saltville","SWRO","TC08",2,NA,NA,NA,NA,"67","Ridge and Valley","EMAP",NA,"Russell",NA,NA,NA,NA,"EMAP",NA,36.98560278,-81.85358889,"IV",NA,NA,NA,FALSE,NA
NA,"VA754S","Calfpasture River","Rte 689",NA,"James","James","02080202",2080202,"Elliott Knob","VRO","JU63",3,NA,NA,NA,NA,"67","Ridge and Valley","EMAP",NA,"Augusta",NA,NA,NA,NA,"EMAP",NA,38.2273,-79.3545,"IV",NA,NA,NA,FALSE,NA
NA,"VA755S","Colliers Creek","Near Big Hill Rd",NA,"James","James","02080202",2080202,"Collierstown","VRO","JU84",2,NA,NA,NA,NA,"67","Ridge and Valley","EMAP",NA,"Rockbridge",NA,NA,NA,NA,"EMAP",NA,37.7907,-79.5975,"IV",NA,NA,NA,FALSE,NA
NA,"VA756S","Holloway Draft","Off FR 173",NA,"James","James","02080202",2080202,"Deerfield","VRO","JU63",1,NA,NA,NA,NA,"67","Ridge and Valley","EMAP",NA,"Augusta",NA,NA,NA,NA,"EMAP",NA,38.2181,-79.3885,"IV",NA,NA,NA,FALSE,NA
NA,"VA757S","UT Hat Creek","Near Rte 151",NA,"James","James","02080203",2080203,"Horseshoe Mtn","VRO","JM23",1,NA,NA,NA,NA,"45","Piedmont","EMAP",NA,"Nelson",NA,NA,NA,NA,"EMAP",NA,37.8039,-78.9542,"III",NA,NA,NA,FALSE,NA
NA,"VA767S","Burks Fork","Near 4WD Trail Off Rte 672",NA,"New","New","05050001",5050001,"Hillsville","SWRO","NE38",3,NA,NA,NA,NA,"66","Blue Ridge","EMAP",NA,"Carroll",NA,NA,NA,NA,"EMAP",NA,36.7879,-80.6275,"VI","iii",NA,NA,FALSE,NA
NA,"VA769S","NF Kimberling Creek","North of Kimberling",NA,"New","New","05050002",5050002,"Rocky Gap","SWRO","NE68",2,NA,NA,NA,NA,"67","Ridge and Valley","EMAP",NA,"Bland",NA,NA,NA,NA,"EMAP",NA,37.1895,-81.0456,"IV",NA,NA,NA,FALSE,NA
NA,"VA770S","Guess Fork","Rte 646",NA,"Big Sandy","Tennessee","05070201",5070202,"Hurley","SWRO","BS05",3,NA,NA,NA,NA,"69","Central Appalachian","EMAP",NA,"Buchanan",NA,NA,NA,NA,"EMAP",NA,37.4353,-82.0311,"IV",NA,NA,NA,FALSE,NA
NA,"VA772S","Whiteman Run","South of Rte 620",NA,"Potomac","Potomac-Shenandoah","02070001",2070004,"Palo Alto","VRO","PU06",1,NA,NA,NA,NA,"67","Ridge and Valley","EMAP",NA,"Highland",NA,NA,NA,NA,"EMAP",NA,38.4071111,-79.3623,"IV",NA,NA,NA,FALSE,NA
NA,"VA773S","Brush Creek","Off Rte 690",NA,"Potomac","Potomac-Shenandoah","02070004",2070004,"White Hall","VRO","PU13",3,NA,NA,NA,NA,"67","Ridge and Valley","EMAP",NA,"Frederick",NA,NA,NA,NA,"EMAP",NA,39.3483,-78.2344,"IV",NA,NA,NA,FALSE,NA
NA,"VA774S","Little Brush Creek","South of Rte 671",NA,"Potomac","Potomac-Shenandoah","02070004",2070004,"White Hall","VRO","PU13",2,NA,NA,NA,NA,"67","Ridge and Valley","EMAP",NA,"Frederick",NA,NA,NA,NA,"EMAP",NA,39.36338889,-78.241,"IV",NA,NA,NA,FALSE,NA
NA,"VA776S","Moffett Creek","Rte 759",NA,"Potomac","Potomac-Shenandoah","02070005",2070005,"Stokesville","VRO","PS05",3,NA,NA,NA,NA,"67","Ridge and Valley","EMAP",NA,"Augusta",NA,NA,NA,NA,"EMAP",NA,38.295625,-79.1613,"IV",NA,NA,NA,FALSE,NA
NA,"VA777S","Christians Creek","US of Rte 612",NA,"Potomac","Potomac-Shenandoah","02070005",2070005,"Fort Defiance","VRO","PS09",3,NA,NA,NA,NA,"67","Ridge and Valley","EMAP",NA,"Augusta",NA,NA,NA,NA,"EMAP",NA,38.188275,-78.9371,"IV",NA,NA,NA,FALSE,NA
NA,"VA779S","Blacks Run","Rte 11 South of Harrisonburg",NA,"Shenandoah","Potomac-Shenandoah","02070005",2070005,"Bridgewater","VRO","PS22",3,NA,NA,NA,NA,"67","Ridge and Valley","EMAP",NA,"Rockingham",NA,NA,NA,NA,"EMAP",NA,38.38243333,-78.9227,"IV",NA,NA,NA,FALSE,NA
NA,"VA781S","Pughs Run","Swartz Road",NA,"Shenandoah","Potomac-Shenandoah","02070006",2070006,"Toms Brook","VRO","PS68",3,NA,NA,NA,NA,"67","Ridge and Valley","EMAP",NA,"Shenandoah",NA,NA,NA,NA,"EMAP",NA,38.90603056,-78.4944,"IV",NA,NA,NA,FALSE,NA
NA,"VA782S","Capon Run","Rte 259 East of Bergton",NA,"Shenandoah","Potomac-Shenandoah","02070006",2070006,"Bergton","VRO","PS51",3,NA,NA,NA,NA,"67","Ridge and Valley","EMAP",NA,"Rockingham",NA,NA,NA,NA,"EMAP",NA,38.766075,-78.9127,"IV",NA,NA,NA,FALSE,NA
NA,"VA783S","Roseville Run","Off Old Rte 50",NA,"Shenandoah","Potomac-Shenandoah","02070007",2070005,"Boyce","VRO","PS83",3,NA,NA,NA,NA,"67","Ridge and Valley","EMAP",NA,"Clarke",NA,NA,NA,NA,"EMAP",NA,39.07205833,-78.0422,"VI","***",NA,NA,FALSE,NA
NA,"VA787S","UT Mill Creek","Old Hollow Road",NA,"James","James","02080201",2080201,"Villamont","WCRO","JU55",2,NA,NA,NA,NA,"67","Ridge and Valley","EMAP",NA,"Botetourt",NA,NA,NA,NA,"EMAP",NA,37.49018611,-79.7966,"IV",NA,NA,NA,FALSE,NA
NA,"VA788S","UT Johns Creek","Rte 658",NA,"James","James","02080201",2080201,"Potts Creek","WCRO","JU45",1,NA,NA,NA,NA,"67","Ridge and Valley","EMAP",NA,"Craig",NA,NA,NA,NA,"EMAP",NA,37.50176944,-80.2258,"IV",NA,NA,NA,FALSE,NA
NA,"VA796S","Wright Branch","Rte 624",NA,"Roanoke","Roanoke","03010101",3010101,"Glenvar","WCRO","RU06",1,NA,NA,NA,NA,"67","Ridge and Valley","EMAP",NA,"Roanoke",NA,NA,NA,NA,"EMAP",NA,37.33343889,-80.2394,"IV",NA,NA,NA,FALSE,NA
NA,"VA797S","UT Back Creek","Near Rte 690",NA,"Roanoke","Roanoke","03010101",3010101,"Bent Mtn.","WCRO","RU15",1,NA,NA,NA,NA,"66","Blue Ridge","EMAP",NA,"Roanoke",NA,NA,NA,NA,"EMAP",NA,37.20686389,-80.0427,"III",NA,NA,NA,FALSE,NA
NA,"VA800S","Cove Creek","West of Rte 647",NA,"New","New","05050001",5050001,"Wytheville","SWRO","NE30",3,NA,NA,NA,NA,"67","Ridge and Valley","EMAP",NA,"Wythe",NA,NA,NA,NA,"EMAP",NA,36.98431389,-81.0461,"IV",NA,NA,NA,FALSE,NA
NA,"VA802S","UT New River","Rte 772 East of Fosters Falls",NA,"New","New","05050001",5050001,"Fosters Falls","SWRO","NE25",2,NA,NA,NA,NA,"67","Ridge and Valley","EMAP",NA,"Wythe",NA,NA,NA,NA,"EMAP",NA,36.88084722,-80.8484,"IV",NA,NA,NA,FALSE,NA
NA,"VA803S","South Fork Reed Creek","Near Rte 673",NA,"New","New","05050001",5050001,"Crockett","SWRO","NE28",3,NA,NA,NA,NA,"67","Ridge and Valley","EMAP",NA,"Wythe",NA,NA,NA,NA,"EMAP",NA,36.87528333,-81.2479,"V","vi",NA,NA,FALSE,NA
NA,"VA805S","Lick Creek","Lick Creek Rd",NA,"Holston","Tennessee","06010101",6010101,"Nebo","SWRO","TH25",3,NA,NA,NA,NA,"67","Ridge and Valley","EMAP",NA,"Smyth",NA,NA,NA,NA,"EMAP",NA,36.97980556,-81.4541,"IV",NA,NA,NA,FALSE,NA
NA,"VA806S","Beaver Creek","Beaver Creek Rd near Page Hollow",NA,"Holston","Tennessee","06010101",6010101,"Broadford","SWRO","TH29",2,NA,NA,NA,NA,"67","Ridge and Valley","EMAP",NA,"Smyth",NA,NA,NA,NA,"EMAP",NA,36.88684722,-81.6743,"IV",NA,NA,NA,FALSE,NA
NA,"VA810S","Little Cedar Creek","Rte 654",NA,"Clinch-Powell","Tennessee","06010205",6010205,"Lebanon","SWRO","TC13",3,NA,NA,NA,NA,"67","Ridge and Valley","EMAP",NA,"Russell",NA,NA,NA,NA,"EMAP",NA,36.91203333,-82.0556,"IV",NA,NA,NA,FALSE,NA
NA,"VA811S","Little Copper Creek","South of Rte 71",NA,"Clinch-Powell","Tennessee","06010205",6010205,"Moll Creek","SWRO","TC28",2,NA,NA,NA,NA,"67","Ridge and Valley","EMAP",NA,"Russell",NA,NA,NA,NA,"EMAP",NA,36.82144167,-82.2624,"IV",NA,NA,NA,FALSE,NA
NA,"VA812S","Indian Creek","Rte 642",NA,"Clinch-Powell","Tennessee","06010205",6010205,"Saltville","SWRO","TC08",2,NA,NA,NA,NA,"67","Ridge and Valley","EMAP",NA,"Russell",NA,NA,NA,NA,"EMAP",NA,36.98893889,-81.8432,"IV",NA,NA,NA,FALSE,NA
NA,"VA813S","Wallen Creek","Rte 612",NA,"Clinch-Powell","Tennessee","06010206",6010206,"Duffield","SWRO","TP11",3,NA,NA,NA,NA,"67","Ridge and Valley","EMAP",NA,"Lee",NA,NA,NA,NA,"EMAP",NA,36.72050278,-82.871,"V","vi",NA,NA,FALSE,NA
NA,"VAR01S","Walker Creek","Rte 617",NA,"New","New","05050002",5050002,"Big Bend","SWRO","NE66",3,NA,NA,NA,NA,"67","Ridge and Valley","EMAP",NA,"Bland",NA,NA,NA,NA,"EMAP",NA,37.05972,-81.13861,"IV",NA,NA,NA,FALSE,NA
NA,"VAR02S","Sinking Creek","Rte 42 between Simmonsville and Sinking Creek",NA,"New","New","05050002",5050002,"Craig Springs","WCRO","NE64",2,NA,NA,NA,NA,"67","Ridge and Valley","EMAP",NA,"Craig",NA,NA,NA,NA,"EMAP",NA,37.39528,-80.31222,"IV",NA,NA,NA,FALSE,NA
NA,"VAR03S","South Branch Potomac River","Rte 640 near New Hampden",NA,"Potomac","Potomac-Shenandoah","02070001",2070004,"Monterey","VRO","PU02",3,NA,NA,NA,NA,"67","Ridge and Valley","EMAP",NA,"Highland",NA,NA,NA,NA,"EMAP",NA,38.48694,-79.57222,"V","vii",NA,NA,FALSE,NA
NA,"VAR04S","Mossy Creek","Rte 42 at Mossy Creek",NA,"Potomac","Potomac-Shenandoah","02070005",2070005,"Parnassus","VRO","PS15",2,NA,NA,NA,NA,"67","Ridge and Valley","EMAP",NA,"Augusta",NA,NA,NA,NA,"EMAP",NA,38.3575,-79.03139,"V","v",NA,NA,FALSE,NA
NA,"VAR05S","Little Wolf Run","Rte 616",NA,"Holston","Tennessee","06010101",6010101,"Mendota","SWRO","TH38",1,NA,NA,NA,NA,"67","Ridge and Valley","EMAP",NA,"Washington",NA,NA,NA,NA,"EMAP",NA,36.68889,-82.28056,"IV",NA,NA,NA,FALSE,NA
NA,"VAR06S","Elliott Creek","Mt Pleasant Rd",NA,"Roanoke","Roanoke","03010101",3010101,"Pilot","WCRO","RU04",4,NA,NA,NA,NA,"67","Ridge and Valley","EMAP",NA,"Montgomery",NA,NA,NA,NA,"EMAP",NA,37.11667,-80.27861,"IV",NA,NA,NA,FALSE,NA
NA,"VAR07S","Big Creek","Near Clydes Run",NA,"James","James","02080201",2080201,"Eagle Rock","WCRO","JU37",1,NA,NA,NA,NA,"67","Ridge and Valley","EMAP",NA,"Botetourt",NA,NA,NA,NA,"EMAP",NA,37.73667,-79.78889,"IV",NA,NA,NA,FALSE,NA
NA,"VAR08S","Lick Creek","Lick Creek Rd",NA,"Holston","Tennessee","06010101",6010101,"Nebo","SWRO","TH25",3,NA,NA,NA,NA,"67","Ridge and Valley","EMAP",NA,"Smyth",NA,NA,NA,NA,"EMAP",NA,36.97861,-81.45583,"IV",NA,NA,NA,FALSE,NA
NA,"VAR09S","Stony Creek","Rte 635 at Interior",NA,"New","New","05050002",5050002,"Interior","WCRO","NE75",3,NA,NA,NA,NA,"67","Ridge and Valley","EMAP",NA,"Giles",NA,NA,NA,NA,"EMAP",NA,37.41389,-80.58417,"VI","iii",NA,NA,FALSE,NA
NA,"VAR10S","Bullpasture River","Rte 617",NA,"James","James","02080201",2080201,"Mcdowell","VRO","JU28",3,NA,NA,NA,NA,"67","Ridge and Valley","EMAP",NA,"Highland",NA,NA,NA,NA,"EMAP",NA,38.36111,-79.47694,"V","v",NA,NA,FALSE,NA
NA,"VAR11S","Bear Creek","Near Bear Creek Rd",NA,"Holston","Tennessee","06010102",6010102,"Nebo","SWRO","TH09",2,NA,NA,NA,NA,"67","Ridge and Valley","EMAP",NA,"Smyth",NA,NA,NA,NA,"EMAP",NA,36.89444,-81.43944,"IV",NA,NA,NA,FALSE,NA
NA,"VAR12S","Moss Run","Off Rte 159 near Moss Run",NA,"James","James","02080201",2080201,"Callaghan","WCRO","JU15",3,NA,NA,NA,NA,"67","Ridge and Valley","EMAP",NA,"Alleghany",NA,NA,NA,NA,"EMAP",NA,37.78694,-80.11389,"IV",NA,NA,NA,FALSE,NA
NA,"VAR14S","Walker Creek","Rte 617",NA,"New","New","05050002",5050002,"Big Bend","SWRO","NE66",2,NA,NA,NA,NA,"67","Ridge and Valley","EMAP",NA,"Bland",NA,NA,NA,NA,"EMAP",NA,37.05472,-81.17194,"IV",NA,NA,NA,FALSE,NA
NA,"VAR15S","Sinking Creek","Rte 629",NA,"New","New","05050002",5050002,"Newport","WCRO","NE64",2,NA,NA,NA,NA,"67","Ridge and Valley","EMAP",NA,"Craig",NA,NA,NA,NA,"EMAP",NA,37.35194,-80.38389,"V","vi",NA,NA,FALSE,NA
NA,"VAR16S","Mossy Creek","Rte 747 at Mossy Creek",NA,"Potomac","Potomac-Shenandoah","02070005",2070005,"Parnassus","VRO","PS15",2,NA,NA,NA,NA,"67","Ridge and Valley","EMAP",NA,"Augusta",NA,NA,NA,NA,"EMAP",NA,38.35917,-79.03,"V","v",NA,NA,FALSE,NA
NA,"VAR17S","Elliot Creek","Elliot Creek Rd near Sugar Grove",NA,"Roanoke","Roanoke","03010101",3010101,"Pilot","WCRO","RU04",2,NA,NA,NA,NA,"67","Ridge and Valley","EMAP",NA,"Montgomery",NA,NA,NA,NA,"EMAP",NA,37.11056,-80.30194,"IV",NA,NA,NA,FALSE,NA
NA,"VAR18S","Sinking Creek","Trails North of Daggers Springs",NA,"James","James","02080201",2080201,"Sugarloaf Mtn.","WCRO","JU38",1,NA,NA,NA,NA,"67","Ridge and Valley","EMAP",NA,"Botetourt",NA,NA,NA,NA,"EMAP",NA,37.7425,-79.73833,"VI","ii",NA,NA,FALSE,NA
NA,"VAR22S","Moss Run","Trails West of Moss Run",NA,"James","James","02080201",2080201,"Jerrys Run","WCRO","JU15",2,NA,NA,NA,NA,"67","Ridge and Valley","EMAP",NA,"Alleghany",NA,NA,NA,NA,"EMAP",NA,37.7875,-80.12861,"IV",NA,NA,NA,FALSE,NA
NA,"VAR25S","Broad Creek","Plank Road",NA,"James","James","02080202",2080202,"Natural Bridge","VRO","JU85",2,NA,NA,NA,NA,"67","Ridge and Valley","EMAP",NA,"Rockbridge",NA,NA,NA,NA,"EMAP",NA,37.71417,-79.50694,"IV",NA,NA,NA,FALSE,NA
NA,"VAT01S","Peak Creek","Rte 99 East of Pulaski",NA,"New","New","05050001",5050001,"Dublin","WCRO","NE46",4,NA,NA,NA,NA,"67","Ridge and Valley","EMAP",NA,"Pulaski",NA,NA,NA,NA,"EMAP",NA,37.0433,-80.7481,"IV",NA,NA,NA,FALSE,NA
NA,"VAT02S","Crab Creek","Crab Creek Rd",NA,"New","New","05050001",5050001,"Blacksburg","WCRO","NE58",2,NA,NA,NA,NA,"67","Ridge and Valley","EMAP",NA,"Montgomery",NA,NA,NA,NA,"EMAP",NA,37.1567,-80.4697,"IV",NA,NA,NA,FALSE,NA
NA,"VCU_1ACON000.96_A34007","Coan Mill Stream","Above Rte 360",NA,"Potomac","Potomac-Shenandoah","02070011",2070011,"Heathsville","PRO","PL72",2,NA,NA,NA,NA,"65","Southeastern Plains","INSTAR",NA,"Northumberland",NA,NA,NA,NA,"INSTAR",NA,37.931667,-76.496944,"III",NA,NA,NA,FALSE,NA
NA,"VCU_1ACON002.88_A34200","Coan Mill Stream","At Rte 638",NA,"Potomac","Potomac-Shenandoah","02070011",2070011,"Lottsburg","PRO","PL72",2,NA,NA,NA,NA,"65","Southeastern Plains","INSTAR",NA,"Northumberland",NA,NA,NA,NA,"INSTAR",NA,37.91736111,-76.51208332,"III",NA,NA,NA,FALSE,NA
NA,"VCU_1ADBR001.37_A29007","Dirt Bridge Run","Above Rte 218",NA,"Potomac","Potomac-Shenandoah","02070011",2070011,"Passapatanzy","NRO","PL61",2,NA,NA,NA,NA,"65","Southeastern Plains","INSTAR",NA,"King George",NA,NA,NA,NA,"INSTAR",NA,38.314028,-77.256722,"III",NA,NA,NA,FALSE,NA
NA,"VCU_1ALIS007.20_A34009","Davis Mill Run","Along Rte 646",NA,"Potomac","Potomac-Shenandoah","02070011",2070011,"Burgess","PRO","CB01",1,NA,NA,NA,NA,"63","MACP","INSTAR",NA,"Northumberland",NA,NA,NA,NA,"INSTAR",NA,37.902222,-76.336944,"III",NA,NA,NA,FALSE,NA
NA,"VCU_1AMIA004.12_A33005","Mill Creek","Above Rte 202",NA,"Potomac","Potomac-Shenandoah","02070011",2070011,"Lottsburg","PRO","PL71",1,NA,NA,NA,NA,"65","Southeastern Plains","INSTAR",NA,"Northumberland",NA,NA,NA,NA,"INSTAR",NA,37.975278,-76.573333,"III",NA,NA,NA,FALSE,NA
NA,"VCU_2-BDM004.12_G09009","Beaverdam Creek","Above Rte 33",NA,"James","James","02080206",2080206,"Walkers","PRO","JL26",2,NA,NA,NA,NA,"65","Southeastern Plains","INSTAR",NA,"New Kent",NA,NA,NA,NA,"INSTAR",NA,37.480556,-76.906389,"III",NA,NA,NA,FALSE,NA
NA,"VCU_2-CCH000.54_G02007","Crews Channel","Below Rte 156",NA,"James","James","02080206",2080206,"Dutch Gap","PRO","JL05",2,NA,NA,NA,NA,"65","Southeastern Plains","INSTAR",NA,"Henrico",NA,NA,NA,NA,"INSTAR",NA,37.396111,-77.254722,"III",NA,NA,NA,FALSE,NA
NA,"VCU_2-CRL001.83_G14003","Carbell Swamp","At Rte 603",NA,"James","James","02080208",2080102,"Windsor","TRO","JL46",2,NA,NA,NA,NA,"63","MACP","INSTAR",NA,"Isle of Wight",NA,NA,NA,NA,"INSTAR",NA,36.8218,-76.66877,"III",NA,NA,NA,FALSE,NA
NA,"VCU_2-CRT001.00_G03008","Courthouse Creek","Off Rte 155",NA,"James","James","02080206",2080206,"Charles City","PRO","JL10",2,NA,NA,NA,NA,"65","Southeastern Plains","INSTAR",NA,"Charles City",NA,NA,NA,NA,"INSTAR",NA,37.3438889,-77.0716667,"III",NA,NA,NA,FALSE,NA
NA,"VCU_2-DRK000.31_G10008","Dark Swamp","Above Rte 620",NA,"James","James","02080206",2080206,"Surry","PRO","JL32",2,NA,NA,NA,NA,"65","Southeastern Plains","INSTAR",NA,"Surry",NA,NA,NA,NA,"INSTAR",NA,37.16236111,-76.84888888,"III",NA,NA,NA,FALSE,NA
NA,"VCU_2-GUN004.00_G03005","Gunns Run","Above Rte 618",NA,"James","James","02080206",2080206,"Charles City","PRO","JL10",2,NA,NA,NA,NA,"65","Southeastern Plains","INSTAR",NA,"Charles City",NA,NA,NA,NA,"INSTAR",NA,37.346111,-77.1075,"III",NA,NA,NA,FALSE,NA
NA,"VCU_2-WRD005.40_G04001","Wards Creek","Above Rte 10",NA,"James","James","02080206",2080206,"Savedge","PRO","JL12",4,NA,NA,NA,NA,"65","Southeastern Plains","INSTAR",NA,"Prince George",NA,NA,NA,NA,"INSTAR",NA,37.216389,-77.081667,"III",NA,NA,NA,FALSE,NA
NA,"VCU_2-WSN000.85_G02006","Western  Run","Below Rte 156",NA,"James","James","02080206",2080206,"Roxbury","PRO","JL05",2,NA,NA,NA,NA,"65","Southeastern Plains","INSTAR",NA,"Henrico",NA,NA,NA,NA,"INSTAR",NA,37.419444,-77.245278,"III",NA,NA,NA,FALSE,NA
NA,"VCU_3-BLD001.54_E26001","McMahon Swamp","Downstream of Rte 600",NA,"Rappahannock","Rappahannock-York","02080104",2080104,"Lancaster","PRO","RA70",2,NA,NA,NA,NA,"65","Southeastern Plains","INSTAR",NA,"Lancaster",NA,NA,NA,NA,"INSTAR",NA,37.78,-76.4963889,"III",NA,NA,NA,FALSE,NA
NA,"VCU_3-BLD001.54_E26003","Bellwood Swamp","At Rte 201",NA,"Rappahannock","Rappahannock-York","02080104",2080104,"Lancaster","PRO","RA70",2,NA,NA,NA,NA,"65","Southeastern Plains","INSTAR",NA,"Lancaster",NA,NA,NA,NA,"INSTAR",NA,37.78,-76.4963889,"III",NA,NA,NA,FALSE,NA
NA,"VCU_3-BLD001.54_E26200","Bellwood Swamp","At Rte 201",NA,"Rappahannock","Rappahannock-York","02080104",2080104,"Lancaster","PRO","RA70",2,NA,NA,NA,NA,"65","Southeastern Plains","INSTAR",NA,"Lancaster",NA,NA,NA,NA,"INSTAR",NA,37.78,-76.4963889,"III",NA,NA,NA,FALSE,NA
NA,"VCU_3-LIK002.12_E24037","Little Totusley Creek","Above Rte 360",NA,"Rappahannock","Rappahannock-York","02080104",2080104,"Haynesville","PRO","RA63",3,NA,NA,NA,NA,"65","Southeastern Plains","INSTAR",NA,"Richmond",NA,NA,NA,NA,"INSTAR",NA,37.949722,-76.723056,"III",NA,NA,NA,FALSE,NA
NA,"VCU_3-LIK002.12_E24049","Little Totuskey Creek","Above Richmond Hill Road",NA,"Rappahannock","Rappahannock-York","02080104",2080104,"Haynesville","PRO","RA63",3,NA,NA,NA,NA,"65","Southeastern Plains","INSTAR",NA,"Richmond",NA,NA,NA,NA,"INSTAR",NA,37.949722,-76.723056,"III",NA,NA,NA,FALSE,NA
NA,"VCU_3-LIK002.12_E24063","Branham Mill Swamp","Upstream of Rte 360",NA,"Rappahannock","Rappahannock-York","02080104",2080104,"Haynesville","PRO","RA63",3,NA,NA,NA,NA,"65","Southeastern Plains","INSTAR",NA,"Richmond",NA,NA,NA,NA,"INSTAR",NA,37.949722,-76.723056,"III",NA,NA,NA,FALSE,NA
NA,"VCU_3-MUR001.19_E23065","Muddy Run","Above Rte 690",NA,"Rappahannock","Rappahannock-York","02080104",2080104,"Montross","PRO","RA58",3,NA,NA,NA,NA,"65","Southeastern Plains","INSTAR",NA,"Richmond",NA,NA,NA,NA,"INSTAR",NA,38.005,-76.788611,"III",NA,NA,NA,FALSE,NA
NA,"VCU_3-MUY001.43_E21009","White Oak Run","At Rte 601",NA,"Rappahannock","Rappahannock-York","02080104",2080104,"Passapatanzy","NRO","RA48",3,NA,NA,NA,NA,"65","Southeastern Plains","INSTAR",NA,"Stafford",NA,NA,NA,NA,"INSTAR",NA,38.26069,-77.3415,"III",NA,NA,NA,FALSE,NA
NA,"VCU_3-TOT009.95_E24048","Totuskey Creek","Downstream of Moores Mill",NA,"Rappahannock","Rappahannock-York","02080104",2080104,"Haynesville","PRO","RA64",3,NA,NA,NA,NA,"65","Southeastern Plains","INSTAR",NA,"Richmond",NA,NA,NA,NA,"INSTAR",NA,37.913333,-76.658056,"III",NA,NA,NA,FALSE,NA
NA,"VCU_3-TOT009.95_E24050","Totuskey Creek","Downstream of Mulberry Road",NA,"Rappahannock","Rappahannock-York","02080104",2080104,"Haynesville","PRO","RA64",3,NA,NA,NA,NA,"65","Southeastern Plains","INSTAR",NA,"Richmond",NA,NA,NA,NA,"INSTAR",NA,37.913333,-76.658056,"III",NA,NA,NA,FALSE,NA
NA,"VCU_3-TOT009.95_E24202","Totuskey Creek","At Rte 619",NA,"Rappahannock","Rappahannock-York","02080104",2080104,"Haynesville","PRO","RA64",3,NA,NA,NA,NA,"65","Southeastern Plains","INSTAR",NA,"Richmond",NA,NA,NA,NA,"INSTAR",NA,37.913333,-76.658056,"III",NA,NA,NA,FALSE,NA
NA,"VCU_3-WAE000.72_E21309","Ware Creek, UT","Above Tidewater Drive",NA,"Rappahannock","Rappahannock-York","02080104",2080104,"Rappahannock Academy","NRO","RA49",2,NA,NA,NA,NA,"65","Southeastern Plains","INSTAR",NA,"Caroline",NA,NA,NA,NA,"INSTAR",NA,38.21975,-77.3,"III",NA,NA,NA,FALSE,NA
NA,"VCU_3-XEY001.00_E26004","Western Run","Downstream of Rte 604",NA,"Rappahannock","Rappahannock-York","02080104",2080104,"Lancaster","PRO","RA70",2,NA,NA,NA,NA,"65","Southeastern Plains","INSTAR",NA,"Lancaster",NA,NA,NA,NA,"INSTAR",NA,37.777778,-76.4425,"III",NA,NA,NA,FALSE,NA
NA,"VCU_7-BMS004.46_C01202","Bush Mill","At Rte 601",NA,"Chesapeake","Rappahannock-York","02080102",2080102,"Heathsville","PRO","CB02",2,NA,NA,NA,NA,"65","Southeastern Plains","INSTAR",NA,"Northumberland",NA,NA,NA,NA,"INSTAR",NA,37.876944,-76.495278,"III",NA,"CB Drainage",NA,FALSE,NA
NA,"VCU_7-DRN032.57_C02005","Timber Branch","Dragon Run DR-6",NA,"Chesapeake","Rappahannock-York","02080102",2080102,"Millers Tavern","PRO","CB06",2,NA,NA,NA,NA,"65","Southeastern Plains","INSTAR",NA,"King & Queen",NA,NA,NA,NA,"INSTAR",NA,37.79472222,-76.90416666,"III",NA,"Piankatank Drainage",NA,FALSE,NA
NA,"VCU_7-GAR006.01_D03003","Gargathy Creek","Above Rte 679",NA,"Chesapeake","Rappahannock-York","02080110",2080110,"Bloxom","TRO","AO09",2,NA,NA,NA,NA,"63","MACP","INSTAR",NA,"Accomack",NA,NA,NA,NA,"INSTAR",NA,37.81278,-75.57194,"III",NA,"Atlantic Ocean",NA,FALSE,NA
NA,"VCU_7-HLT002.08_D05003","Holt Creek","Below Rte 600",NA,"Chesapeake","Rappahannock-York","02080110",2080110,"Franktown","TRO","AO15",2,NA,NA,NA,NA,"63","MACP","INSTAR",NA,"Northampton",NA,NA,NA,NA,"INSTAR",NA,37.38909,-75.88887,"III",NA,"Atlantic Ocean Drainage",NA,FALSE,NA
NA,"VCU_7-JOY000.59_C11002","Jaynes Branch","At Rte 718",NA,"Chesapeake","Rappahannock-York","02080109",2080110,"Accomack","TRO","CB39",1,NA,NA,NA,NA,"63","MACP","INSTAR",NA,"Accomack",NA,NA,NA,NA,"INSTAR",NA,37.7048,-75.73094,"III",NA,"Eastern Shore Drainage",NA,FALSE,NA
NA,"VCU_7-TAY003.11_C12004","Taylor Branch","At Rte 180",NA,"Chesapeake","Rappahannock-York","02080109",2080110,"Pungoteague","TRO","CB41",1,NA,NA,NA,NA,"63","MACP","INSTAR",NA,"Accomack",NA,NA,NA,NA,"INSTAR",NA,37.6333,-75.80817,"III",NA,"Eastern Shore Drainage",NA,FALSE,NA
NA,"VCU_7-XAE001.42_C09006","Pitts Creek","At Rte 709",NA,"Chesapeake","Rappahannock-York","02060009",2080110,"Hallwood","TRO","CB31",2,NA,NA,NA,NA,"63","MACP","INSTAR",NA,"Accomack",NA,NA,NA,NA,"INSTAR",NA,37.9837,-75.55003,"III",NA,"Eastern Shore Drainage",NA,FALSE,NA
NA,"VCU_7-XCY001.61_C01201","Bush Mill, UT","At Rte 601",NA,"Chesapeake","Rappahannock-York","02080102",2080102,"Lancaster","PRO","CB02",2,NA,NA,NA,NA,"65","Southeastern Plains","INSTAR",NA,"Northumberland",NA,NA,NA,NA,"INSTAR",NA,37.85472222,-76.49333332,"III",NA,"CB Drainage",NA,FALSE,NA
NA,"VCU_8-CPL004.15_F21007","Chapel Creek","Above Rte 721",NA,"York","Rappahannock-York","02080105",2080105,"Aylett","PRO","YO54",4,NA,NA,NA,NA,"65","Southeastern Plains","INSTAR",NA,"King and Queen",NA,NA,NA,NA,"INSTAR",NA,37.84389,-77.0897,"III",NA,NA,NA,FALSE,NA
NA,"VCU_8-CRU000.92_F12002","Crump Creek","Below Rte 605",NA,"York","Rappahannock-York","02080106",2080106,"Studley","PRO","YO28",3,NA,NA,NA,NA,"65","Southeastern Plains","INSTAR",NA,"Hanover",NA,NA,NA,NA,"INSTAR",NA,37.7225,-77.3083333,"III",NA,NA,NA,FALSE,NA
NA,"VCU_8-CTH001.96_F24002","Courthouse Creek","Below Rte 14",NA,"York","Rappahannock-York","02080105",2080105,"King and Queen Courthouse","PRO","YO59",2,NA,NA,NA,NA,"65","Southeastern Plains","INSTAR",NA,"King and Queen",NA,NA,NA,NA,"INSTAR",NA,37.671667,-76.878889,"III",NA,NA,NA,FALSE,NA
NA,"VCU_8-HSN002.12_F14003","Harrison Creek","Above Rte 632",NA,"York","Rappahannock-York","02080106",2080106,"Tunstall","PRO","YO36",3,NA,NA,NA,NA,"65","Southeastern Plains","INSTAR",NA,"King William",NA,NA,NA,NA,"INSTAR",NA,37.611944,-77.034167,"III",NA,NA,NA,FALSE,NA
NA,"VCU_8-JKC004.15_F13016","Jacks Creek","Above 621",NA,"York","Rappahannock-York","02080106",2080106,"King William","PRO","YO35",3,NA,NA,NA,NA,"65","Southeastern Plains","INSTAR",NA,"King William",NA,NA,NA,NA,"INSTAR",NA,37.635833,-77.07,"III",NA,NA,NA,FALSE,NA
NA,"VCU_8-LTS001.65_F25003","Tastine Swamp","Above Rte 613",NA,"York","Rappahannock-York","02080105",2080105,"Truhart","PRO","YO61",1,NA,NA,NA,NA,"65","Southeastern Plains","INSTAR",NA,"King and Queen",NA,NA,NA,NA,"INSTAR",NA,37.63555556,-76.78138888,"III",NA,NA,NA,FALSE,NA
NA,"VCU_8-MCP002.42_F12003","Mechumps Creek","Above Rte 301",NA,"York","Rappahannock-York","02080106",2080106,"Hanover","PRO","YO27",3,NA,NA,NA,NA,"65","Southeastern Plains","INSTAR",NA,"Hanover",NA,NA,NA,NA,"INSTAR",NA,37.758783,-77.36425,"III",NA,NA,NA,FALSE,NA
